manageremail,managername,activeinactive
rose.lee@setechstores.com,Rose Lee,Y
ruth.piper@setechstores.com,Ruth Piper,Y
kimberly.wallace@setechstores.com,Kimberly Wallace,Y
cameron.james@setechstores.com,Cameron James,Y
tim.powell@setechstores.com,Tim Powell,Y
lily.macleod@setechstores.com,Lily MacLeod,Y
alexander.paige@setechstores.com,Alexander Paige,Y
michael.bailey@setechstores.com,Michael Bailey,Y
evan.edmunds@setechstores.com,Evan Edmunds,Y
stephen.burdell@setechstores.com,Stephen Burdell,Y
will.mitchell@setechstores.com,Will Mitchell,Y
sebastian.springer@setechstores.com,Sebastian Springer,Y
alan.grant@setechstores.com,Alan Grant,Y
gavin.greene@setechstores.com,Gavin Greene,Y
gordon.ince@setechstores.com,Gordon Ince,Y
zvi.duncan@setechstores.com,Zvi Duncan,Y
christian.johnson@setechstores.com,Christian Johnson,Y
bernadette.dasgupta@setechstores.com,Bernadette Dasgupta,Y
matt.hart@setechstores.com,Matt Hart,Y
gordon.underwood@setechstores.com,Gordon Underwood,Y
sam.slater@setechstores.com,Sam Slater,Y
pippa.fraser@setechstores.com,Pippa Fraser,Y
michelle.taylor@setechstores.com,Michelle Taylor,Y
bella.north@setechstores.com,Bella North,Y
nathan.black@setechstores.com,Nathan Black,Y
chloe.hart@setechstores.com,Chloe Hart,Y
nicola.fisher@setechstores.com,Nicola Fisher,Y
jasmine.campbell@setechstores.com,Jasmine Campbell,Y
penelope.cornish@setechstores.com,Penelope Cornish,Y
bernadette.blake@setechstores.com,Bernadette Blake,Y
vanessa.walsh@setechstores.com,Vanessa Walsh,Y
paul.miller@setechstores.com,Paul Miller,Y
lily.lee@setechstores.com,Lily Lee,Y
matt.randall@setechstores.com,Matt Randall,Y
lina.james@setechstores.com,Lina James,Y
ravi.mark@setechstores.com,Ravi Mark,Y
anthony.dowd@setechstores.com,Anthony Dowd,Y
igor.clarkson@setechstores.com,Igor Clarkson,Y
nicola.clark@setechstores.com,Nicola Clark,Y
bella.jackson@setechstores.com,Bella Jackson,Y
edward.glover@setechstores.com,Edward Glover,Y
stewart.buckland@setechstores.com,Stewart Buckland,Y
deirdre.gill@setechstores.com,Deirdre Gill,Y
justin.peters@setechstores.com,Justin Peters,Y
will.moritz@setechstores.com,Will Moritz,Y
connor.christiansen@setechstores.com,Connor Christiansen,Y
christian.langdon@setechstores.com,Christian Langdon,Y
julia.white@setechstores.com,Julia White,Y
paul.jackson@setechstores.com,Paul Jackson,Y
sean.kerr@setechstores.com,Sean Kerr,Y
paul.hughes@setechstores.com,Paul Hughes,Y
simon.mackenzie@setechstores.com,Simon Mackenzie,Y
abigail.manning@setechstores.com,Abigail Manning,Y
tracey.reid@setechstores.com,Tracey Reid,Y
gavin.ferguson@setechstores.com,Gavin Ferguson,Y
nicholas.sanchez@setechstores.com,Nicholas Sanchez,Y
amy.davies@setechstores.com,Amy Davies,Y
andrew.welch@setechstores.com,Andrew Welch,Y
penelope.mitchell@setechstores.com,Penelope Mitchell,Y
ian.parr@setechstores.com,Ian Parr,Y
abigail.burdell@setechstores.com,Abigail Burdell,Y
milos.parr@setechstores.com,Milos Parr,Y
julian.fraser@setechstores.com,Julian Fraser,Y
alison.abraham@setechstores.com,Alison Abraham,Y
jessica.davies@setechstores.com,Jessica Davies,Y
oliver.robertson@setechstores.com,Oliver Robertson,Y
deirdre.skinner@setechstores.com,Deirdre Skinner,Y
stephen.berry@setechstores.com,Stephen Berry,Y
carl.manning@setechstores.com,Carl Manning,Y
bernadette.piper@setechstores.com,Bernadette Piper,Y
emile.wilkins@setechstores.com,Emile Wilkins,Y
ravi.hudson@setechstores.com,Ravi Hudson,Y
anne.lewis@setechstores.com,Anne Lewis,Y
james.manning@setechstores.com,James Manning,Y
paul.hemmings@setechstores.com,Paul Hemmings,Y
lillian.manning@setechstores.com,Lillian Manning,Y
oliver.mathis@setechstores.com,Oliver Mathis,Y
sam.welch@setechstores.com,Sam Welch,Y
isaac.stewart@setechstores.com,Isaac Stewart,Y
dominic.wright@setechstores.com,Dominic Wright,Y
boris.carr@setechstores.com,Boris Carr,Y
jessica.north@setechstores.com,Jessica North,Y
stephen.macdonald@setechstores.com,Stephen MacDonald,Y
dan.wallace@setechstores.com,Dan Wallace,Y
ella.glover@setechstores.com,Ella Glover,Y
steven.abraham@setechstores.com,Steven Abraham,Y
edward.gray@setechstores.com,Edward Gray,Y
nathan.oliver@setechstores.com,Nathan Oliver,Y
richard.bair@setechstores.com,Richard Bair,Y
robert.elmasri@setechstores.com,Robert Elmasri,Y
tracey.navathe@setechstores.com,Tracey Navathe,Y
andrew.isbell@setechstores.com,Andrew Isbell,Y
sean.howard@setechstores.com,Sean Howard,Y
edward.wallace@setechstores.com,Edward Wallace,Y
milos.turner@setechstores.com,Milos Turner,Y
frank.white@setechstores.com,Frank White,Y
blake.russell@setechstores.com,Blake Russell,Y
matt.ellison@setechstores.com,Matt Ellison,Y
fiona.langdon@setechstores.com,Fiona Langdon,Y
leo.ross@setechstores.com,Leo Ross,Y
jan.churchill@setechstores.com,Jan Churchill,Y
bella.sanchez@setechstores.com,Bella Sanchez,Y
dan.roberts@setechstores.com,Dan Roberts,Y
joe.dowd@setechstores.com,Joe Dowd,Y
kevin.vance@setechstores.com,Kevin Vance,Y
brandon.morgan@setechstores.com,Brandon Morgan,Y
eric.bower@setechstores.com,Eric Bower,Y
tim.christiansen@setechstores.com,Tim Christiansen,Y
julian.kerr@setechstores.com,Julian Kerr,Y
andrew.burdell@setechstores.com,Andrew Burdell,Y
emma.hodges@setechstores.com,Emma Hodges,Y
madeleine.manning@setechstores.com,Madeleine Manning,Y
bella.sharp@setechstores.com,Bella Sharp,Y
ruth.abraham@setechstores.com,Ruth Abraham,Y
wanda.moritz@setechstores.com,Wanda Moritz,Y
jessica.rutherford@setechstores.com,Jessica Rutherford,Y
steven.randall@setechstores.com,Steven Randall,Y
nicholas.bond@setechstores.com,Nicholas Bond,Y
igor.terry@setechstores.com,Igor Terry,Y
jane.russell@setechstores.com,Jane Russell,Y
gordon.may@setechstores.com,Gordon May,Y
tim.dasgupta@setechstores.com,Tim Dasgupta,Y
carl.pullman@setechstores.com,Carl Pullman,Y
heather.sutherland@setechstores.com,Heather Sutherland,Y
deirdre.wright@setechstores.com,Deirdre Wright,Y
connor.short@setechstores.com,Connor Short,Y
sam.mark@setechstores.com,Sam Mark,Y
thomas.lewis@setechstores.com,Thomas Lewis,Y
deirdre.edmunds@setechstores.com,Deirdre Edmunds,Y
zvi.paterson@setechstores.com,Zvi Paterson,Y
yvonne.poole@setechstores.com,Yvonne Poole,Y
zoe.gibson@setechstores.com,Zoe Gibson,Y
alexandra.sharp@setechstores.com,Alexandra Sharp,Y
benjamin.berry@setechstores.com,Benjamin Berry,Y
adrian.lyman@setechstores.com,Adrian Lyman,Y
trevor.chapman@setechstores.com,Trevor Chapman,Y
diana.morrison@setechstores.com,Diana Morrison,Y
liam.thomson@setechstores.com,Liam Thomson,Y
zvi.wilkins@setechstores.com,Zvi Wilkins,Y
claire.welch@setechstores.com,Claire Welch,Y
lina.hardacre@setechstores.com,Lina Hardacre,Y
charles.cornish@setechstores.com,Charles Cornish,Y
leo.walker@setechstores.com,Leo Walker,Y
victoria.terry@setechstores.com,Victoria Terry,Y
leonard.hunter@setechstores.com,Leonard Hunter,Y
isaac.black@setechstores.com,Isaac Black,Y
alexandra.gray@setechstores.com,Alexandra Gray,Y
emma.thomson@setechstores.com,Emma Thomson,Y
steven.kelly@setechstores.com,Steven Kelly,Y
joan.wright@setechstores.com,Joan Wright,Y
ravi.rees@setechstores.com,Ravi Rees,Y
ian.miller@setechstores.com,Ian Miller,Y
matt.dasgupta@setechstores.com,Matt Dasgupta,Y
adrian.hill@setechstores.com,Adrian Hill,Y
katherine.clarkson@setechstores.com,Katherine Clarkson,Y
christopher.dasgupta@setechstores.com,Christopher Dasgupta,Y
leah.graham@setechstores.com,Leah Graham,Y
leo.greene@setechstores.com,Leo Greene,Y
irene.cameron@setechstores.com,Irene Cameron,Y
adam.watson@setechstores.com,Adam Watson,Y
lucas.rees@setechstores.com,Lucas Rees,Y
jan.mackay@setechstores.com,Jan Mackay,Y
alexandra.underwood@setechstores.com,Alexandra Underwood,Y
zoe.hill@setechstores.com,Zoe Hill,Y
dan.navathe@setechstores.com,Dan Navathe,Y
amanda.welch@setechstores.com,Amanda Welch,Y
ruth.elmasri@setechstores.com,Ruth Elmasri,Y
mary.johnson@setechstores.com,Mary Johnson,Y
richard.welch@setechstores.com,Richard Welch,Y
brandon.jones@setechstores.com,Brandon Jones,Y
vanessa.kerr@setechstores.com,Vanessa Kerr,Y
sam.jones@setechstores.com,Sam Jones,Y
julian.macleod@setechstores.com,Julian MacLeod,Y
david.christiansen@setechstores.com,David Christiansen,Y
cameron.sharp@setechstores.com,Cameron Sharp,Y
abigail.mills@setechstores.com,Abigail Mills,Y
dylan.hart@setechstores.com,Dylan Hart,Y
michelle.coleman@setechstores.com,Michelle Coleman,Y
steven.baker@setechstores.com,Steven Baker,Y
wendy.hardacre@setechstores.com,Wendy Hardacre,Y
joanne.paterson@setechstores.com,Joanne Paterson,Y
sam.skinner@setechstores.com,Sam Skinner,Y
ella.ince@setechstores.com,Ella Ince,Y
emily.davies@setechstores.com,Emily Davies,Y
max.avery@setechstores.com,Max Avery,Y
natalie.short@setechstores.com,Natalie Short,Y
alexandra.cameron@setechstores.com,Alexandra Cameron,Y
igor.bailey@setechstores.com,Igor Bailey,Y
jacob.paterson@setechstores.com,Jacob Paterson,Y
joshua.buckland@setechstores.com,Joshua Buckland,Y
jan.king@setechstores.com,Jan King,Y
frank.north@setechstores.com,Frank North,Y
bernadette.sanderson@setechstores.com,Bernadette Sanderson,Y
evan.anderson@setechstores.com,Evan Anderson,Y
molly.ross@setechstores.com,Molly Ross,Y
dylan.howard@setechstores.com,Dylan Howard,Y
jason.nash@setechstores.com,Jason Nash,Y
alan.mitchell@setechstores.com,Alan Mitchell,Y
carl.walker@setechstores.com,Carl Walker,Y
ian.morgan@setechstores.com,Ian Morgan,Y
robert.hunter@setechstores.com,Robert Hunter,Y
amelia.fisher@setechstores.com,Amelia Fisher,Y
rebecca.berry@setechstores.com,Rebecca Berry,Y
james.sutherland@setechstores.com,James Sutherland,Y
theresa.metcalfe@setechstores.com,Theresa Metcalfe,Y
evan.bailey@setechstores.com,Evan Bailey,Y
molly.marshall@setechstores.com,Molly Marshall,Y
sonia.langdon@setechstores.com,Sonia Langdon,Y
austin.lyman@setechstores.com,Austin Lyman,Y
karen.reid@setechstores.com,Karen Reid,Y
joanne.walsh@setechstores.com,Joanne Walsh,Y
emile.lyman@setechstores.com,Emile Lyman,Y
piers.anderson@setechstores.com,Piers Anderson,Y
thomas.joyner@setechstores.com,Thomas Joyner,Y
bernadette.knox@setechstores.com,Bernadette Knox,Y
richard.randall@setechstores.com,Richard Randall,Y
deirdre.turner@setechstores.com,Deirdre Turner,Y
mary.hart@setechstores.com,Mary Hart,Y
stephen.abraham@setechstores.com,Stephen Abraham,Y
natalie.clark@setechstores.com,Natalie Clark,Y
amelia.manning@setechstores.com,Amelia Manning,Y
jennifer.white@setechstores.com,Jennifer White,Y
dylan.murray@setechstores.com,Dylan Murray,Y
anna.mcdonald@setechstores.com,Anna McDonald,Y
carolyn.arnold@setechstores.com,Carolyn Arnold,Y
grace.watson@setechstores.com,Grace Watson,Y
alexander.walker@setechstores.com,Alexander Walker,Y
gordon.joyner@setechstores.com,Gordon Joyner,Y
nathan.vaughan@setechstores.com,Nathan Vaughan,Y
lucas.vaughan@setechstores.com,Lucas Vaughan,Y
paul.fraser@setechstores.com,Paul Fraser,Y
lily.dowd@setechstores.com,Lily Dowd,Y
harry.roberts@setechstores.com,Harry Roberts,Y
blake.slater@setechstores.com,Blake Slater,Y
charles.isbell@setechstores.com,Charles Isbell,Y
steven.robertson@setechstores.com,Steven Robertson,Y
emma.allan@setechstores.com,Emma Allan,Y
victor.abraham@setechstores.com,Victor Abraham,Y
nicholas.martin@setechstores.com,Nicholas Martin,Y
tracey.paterson@setechstores.com,Tracey Paterson,Y
emile.hill@setechstores.com,Emile Hill,Y
zvi.hudson@setechstores.com,Zvi Hudson,Y
bella.lambert@setechstores.com,Bella Lambert,Y
joanne.hodges@setechstores.com,Joanne Hodges,Y
mary.glover@setechstores.com,Mary Glover,Y
sally.baker@setechstores.com,Sally Baker,Y
jacob.simpson@setechstores.com,Jacob Simpson,Y
emily.patel@setechstores.com,Emily Patel,Y
nicholas.mackay@setechstores.com,Nicholas Mackay,Y
felicity.quinn@setechstores.com,Felicity Quinn,Y
alexandra.cornish@setechstores.com,Alexandra Cornish,Y
zoe.manning@setechstores.com,Zoe Manning,Y
dylan.wilson@setechstores.com,Dylan Wilson,Y
theresa.burdell@setechstores.com,Theresa Burdell,Y
mary.henderson@setechstores.com,Mary Henderson,Y
carolyn.short@setechstores.com,Carolyn Short,Y
alan.lyman@setechstores.com,Alan Lyman,Y
irene.martin@setechstores.com,Irene Martin,Y
audrey.davidson@setechstores.com,Audrey Davidson,Y
penelope.malliaris@setechstores.com,Penelope Malliaris,Y
julia.peters@setechstores.com,Julia Peters,Y
jacob.mackenzie@setechstores.com,Jacob Mackenzie,Y
caroline.reid@setechstores.com,Caroline Reid,Y
kevin.allan@setechstores.com,Kevin Allan,Y
zvi.sutherland@setechstores.com,Zvi Sutherland,Y
leonard.greene@setechstores.com,Leonard Greene,Y
thomas.coleman@setechstores.com,Thomas Coleman,Y
lily.north@setechstores.com,Lily North,Y
sam.ellison@setechstores.com,Sam Ellison,Y
sue.newman@setechstores.com,Sue Newman,Y
dylan.jackson@setechstores.com,Dylan Jackson,Y
eric.clarkson@setechstores.com,Eric Clarkson,Y
isaac.short@setechstores.com,Isaac Short,Y
william.mathis@setechstores.com,William Mathis,Y
lucas.mark@setechstores.com,Lucas Mark,Y
nicholas.lee@setechstores.com,Nicholas Lee,Y
angela.jones@setechstores.com,Angela Jones,Y
adrian.powell@setechstores.com,Adrian Powell,Y
steven.marshall@setechstores.com,Steven Marshall,Y
robert.metcalfe@setechstores.com,Robert Metcalfe,Y
brandon.roberts@setechstores.com,Brandon Roberts,Y
peter.davidson@setechstores.com,Peter Davidson,Y
kevin.blake@setechstores.com,Kevin Blake,Y
david.hudson@setechstores.com,David Hudson,Y
ada.martin@setechstores.com,Ada Martin,Y
deirdre.dowd@setechstores.com,Deirdre Dowd,Y
ella.ogden@setechstores.com,Ella Ogden,Y
theresa.langdon@setechstores.com,Theresa Langdon,Y
blake.martin@setechstores.com,Blake Martin,Y
rachel.cornish@setechstores.com,Rachel Cornish,Y
diane.macdonald@setechstores.com,Diane MacDonald,Y
harry.ellison@setechstores.com,Harry Ellison,Y
audrey.ball@setechstores.com,Audrey Ball,Y
trevor.arnold@setechstores.com,Trevor Arnold,Y
terry.taylor@setechstores.com,Terry Taylor,Y
julian.king@setechstores.com,Julian King,Y
emile.langdon@setechstores.com,Emile Langdon,Y
sally.wallace@setechstores.com,Sally Wallace,Y
victoria.glover@setechstores.com,Victoria Glover,Y
kevin.fraser@setechstores.com,Kevin Fraser,Y
kevin.mcgrath@setechstores.com,Kevin McGrath,Y
peter.short@setechstores.com,Peter Short,Y
wanda.murray@setechstores.com,Wanda Murray,Y
milos.hashimoto@setechstores.com,Milos Hashimoto,Y
caroline.underwood@setechstores.com,Caroline Underwood,Y
kevin.wilkins@setechstores.com,Kevin Wilkins,Y
connor.sharp@setechstores.com,Connor Sharp,Y
olivia.nolan@setechstores.com,Olivia Nolan,Y
alexander.graening@setechstores.com,Alexander Graening,Y
rachel.wilkins@setechstores.com,Rachel Wilkins,Y
gabrielle.howard@setechstores.com,Gabrielle Howard,Y
kevin.walker@setechstores.com,Kevin Walker,Y
samantha.wilkins@setechstores.com,Samantha Wilkins,Y
peter.manning@setechstores.com,Peter Manning,Y
olivia.young@setechstores.com,Olivia Young,Y
sophie.manning@setechstores.com,Sophie Manning,Y
robert.campbell@setechstores.com,Robert Campbell,Y
trevor.hardacre@setechstores.com,Trevor Hardacre,Y
amy.christiansen@setechstores.com,Amy Christiansen,Y
audrey.ogden@setechstores.com,Audrey Ogden,Y
victor.bond@setechstores.com,Victor Bond,Y
natalie.alsop@setechstores.com,Natalie Alsop,Y
james.patel@setechstores.com,James Patel,Y
diane.ogden@setechstores.com,Diane Ogden,Y
leo.mitchell@setechstores.com,Leo Mitchell,Y
gavin.robertson@setechstores.com,Gavin Robertson,Y
amy.hughes@setechstores.com,Amy Hughes,Y
lillian.malliaris@setechstores.com,Lillian Malliaris,Y
zvi.randall@setechstores.com,Zvi Randall,Y
terry.may@setechstores.com,Terry May,Y
audrey.payne@setechstores.com,Audrey Payne,Y
diane.reid@setechstores.com,Diane Reid,Y
katherine.parr@setechstores.com,Katherine Parr,Y
blake.hodges@setechstores.com,Blake Hodges,Y
sham.rutherford@setechstores.com,Sham Rutherford,Y
richard.morrison@setechstores.com,Richard Morrison,Y
megan.kerr@setechstores.com,Megan Kerr,Y
joe.chapman@setechstores.com,Joe Chapman,Y
audrey.joyner@setechstores.com,Audrey Joyner,Y
michael.avery@setechstores.com,Michael Avery,Y
max.dickens@setechstores.com,Max Dickens,Y
liam.joyner@setechstores.com,Liam Joyner,Y
justin.kelly@setechstores.com,Justin Kelly,Y
mary.clarkson@setechstores.com,Mary Clarkson,Y
pooja.peters@setechstores.com,Pooja Peters,Y
dylan.rampling@setechstores.com,Dylan Rampling,Y
liam.harris@setechstores.com,Liam Harris,Y
alexander.tucker@setechstores.com,Alexander Tucker,Y
virginia.quinn@setechstores.com,Virginia Quinn,Y
warren.rampling@setechstores.com,Warren Rampling,Y
benjamin.arnold@setechstores.com,Benjamin Arnold,Y
andrew.hemmings@setechstores.com,Andrew Hemmings,Y
boris.graham@setechstores.com,Boris Graham,Y
anna.carr@setechstores.com,Anna Carr,Y
wanda.alsop@setechstores.com,Wanda Alsop,Y
olivia.white@setechstores.com,Olivia White,Y
jane.piper@setechstores.com,Jane Piper,Y
neil.dyer@setechstores.com,Neil Dyer,Y
donna.gray@setechstores.com,Donna Gray,Y
terry.wright@setechstores.com,Terry Wright,Y
madeleine.vance@setechstores.com,Madeleine Vance,Y
molly.avery@setechstores.com,Molly Avery,Y
nicola.malliaris@setechstores.com,Nicola Malliaris,Y
ryan.abraham@setechstores.com,Ryan Abraham,Y
emily.duncan@setechstores.com,Emily Duncan,Y
bud.lawrence@setechstores.com,Bud Lawrence,Y
christopher.gill@setechstores.com,Christopher Gill,Y
emile.mills@setechstores.com,Emile Mills,Y
bernadette.jackson@setechstores.com,Bernadette Jackson,Y
harry.campbell@setechstores.com,Harry Campbell,Y
nicholas.clark@setechstores.com,Nicholas Clark,Y
richard.mackenzie@setechstores.com,Richard Mackenzie,Y
justin.martin@setechstores.com,Justin Martin,Y
alexander.moritz@setechstores.com,Alexander Moritz,Y
connor.arnold@setechstores.com,Connor Arnold,Y
wendy.carr@setechstores.com,Wendy Carr,Y
tracey.north@setechstores.com,Tracey North,Y
joanne.short@setechstores.com,Joanne Short,Y
justin.black@setechstores.com,Justin Black,Y
carolyn.paige@setechstores.com,Carolyn Paige,Y
diana.hardacre@setechstores.com,Diana Hardacre,Y
sue.walker@setechstores.com,Sue Walker,Y
elizabeth.brown@setechstores.com,Elizabeth Brown,Y
keith.glover@setechstores.com,Keith Glover,Y
yvonne.piper@setechstores.com,Yvonne Piper,Y
andrew.macleod@setechstores.com,Andrew MacLeod,Y
gordon.morgan@setechstores.com,Gordon Morgan,Y
angela.hamilton@setechstores.com,Angela Hamilton,Y
karen.lewis@setechstores.com,Karen Lewis,Y
john.burdell@setechstores.com,John Burdell,Y
justin.navathe@setechstores.com,Justin Navathe,Y
jake.walsh@setechstores.com,Jake Walsh,Y
austin.manning@setechstores.com,Austin Manning,Y
bud.kelly@setechstores.com,Bud Kelly,Y
audrey.churchill@setechstores.com,Audrey Churchill,Y
jacob.howard@setechstores.com,Jacob Howard,Y
luke.ince@setechstores.com,Luke Ince,Y
jason.mcgrath@setechstores.com,Jason McGrath,Y
lisa.macdonald@setechstores.com,Lisa MacDonald,Y
blake.payne@setechstores.com,Blake Payne,Y
victoria.howard@setechstores.com,Victoria Howard,Y
isaac.terry@setechstores.com,Isaac Terry,Y
dylan.mathis@setechstores.com,Dylan Mathis,Y
jessica.chapman@setechstores.com,Jessica Chapman,Y
john.mclean@setechstores.com,John McLean,Y
sebastian.smith@setechstores.com,Sebastian Smith,Y
joanne.miller@setechstores.com,Joanne Miller,Y
elizabeth.may@setechstores.com,Elizabeth May,Y
peter.henderson@setechstores.com,Peter Henderson,Y
joe.powell@setechstores.com,Joe Powell,Y
adrian.berry@setechstores.com,Adrian Berry,Y
maria.berry@setechstores.com,Maria Berry,Y
james.avery@setechstores.com,James Avery,Y
isaac.graham@setechstores.com,Isaac Graham,Y
neil.graening@setechstores.com,Neil Graening,Y
gordon.davidson@setechstores.com,Gordon Davidson,Y
michelle.vaughan@setechstores.com,Michelle Vaughan,Y
nicholas.arnold@setechstores.com,Nicholas Arnold,Y
alan.lawrence@setechstores.com,Alan Lawrence,Y
penelope.arnold@setechstores.com,Penelope Arnold,Y
keith.alsop@setechstores.com,Keith Alsop,Y
evan.langdon@setechstores.com,Evan Langdon,Y
rose.peters@setechstores.com,Rose Peters,Y
sarah.ogden@setechstores.com,Sarah Ogden,Y
lucas.dickens@setechstores.com,Lucas Dickens,Y
jacob.nash@setechstores.com,Jacob Nash,Y
stephanie.elmasri@setechstores.com,Stephanie Elmasri,Y
joanne.elmasri@setechstores.com,Joanne Elmasri,Y
austin.duncan@setechstores.com,Austin Duncan,Y
kylie.butler@setechstores.com,Kylie Butler,Y
bernadette.rampling@setechstores.com,Bernadette Rampling,Y
amanda.mills@setechstores.com,Amanda Mills,Y
ava.wilson@setechstores.com,Ava Wilson,Y
leah.edmunds@setechstores.com,Leah Edmunds,Y
jason.brown@setechstores.com,Jason Brown,Y
blake.forsyth@setechstores.com,Blake Forsyth,Y
charles.kelly@setechstores.com,Charles Kelly,Y
irene.bell@setechstores.com,Irene Bell,Y
dominic.hemmings@setechstores.com,Dominic Hemmings,Y
justin.alsop@setechstores.com,Justin Alsop,Y
melanie.king@setechstores.com,Melanie King,Y
diana.johnson@setechstores.com,Diana Johnson,Y
lucas.carr@setechstores.com,Lucas Carr,Y
olivia.james@setechstores.com,Olivia James,Y
bernadette.malliaris@setechstores.com,Bernadette Malliaris,Y
adam.james@setechstores.com,Adam James,Y
bud.peters@setechstores.com,Bud Peters,Y
ian.sharp@setechstores.com,Ian Sharp,Y
jonathan.lee@setechstores.com,Jonathan Lee,Y
igor.rutherford@setechstores.com,Igor Rutherford,Y
karen.macdonald@setechstores.com,Karen MacDonald,Y
yvonne.hart@setechstores.com,Yvonne Hart,Y
bud.lewis@setechstores.com,Bud Lewis,Y
samantha.buckland@setechstores.com,Samantha Buckland,Y
amanda.sutherland@setechstores.com,Amanda Sutherland,Y
alison.terry@setechstores.com,Alison Terry,Y
frank.mills@setechstores.com,Frank Mills,Y
keith.mitchell@setechstores.com,Keith Mitchell,Y
fiona.ferguson@setechstores.com,Fiona Ferguson,Y
jacob.anderson@setechstores.com,Jacob Anderson,Y
keith.stewart@setechstores.com,Keith Stewart,Y
angela.parr@setechstores.com,Angela Parr,Y
sonia.hemmings@setechstores.com,Sonia Hemmings,Y
milos.abraham@setechstores.com,Milos Abraham,Y
alexander.peters@setechstores.com,Alexander Peters,Y
amelia.gill@setechstores.com,Amelia Gill,Y
lisa.sharp@setechstores.com,Lisa Sharp,Y
igor.abraham@setechstores.com,Igor Abraham,Y
heather.joyner@setechstores.com,Heather Joyner,Y
joan.gibson@setechstores.com,Joan Gibson,Y
keith.powell@setechstores.com,Keith Powell,Y
jason.jackson@setechstores.com,Jason Jackson,Y
pooja.macdonald@setechstores.com,Pooja MacDonald,Y
ravi.wallace@setechstores.com,Ravi Wallace,Y
nathan.buckland@setechstores.com,Nathan Buckland,Y
sean.simpson@setechstores.com,Sean Simpson,Y
chloe.grant@setechstores.com,Chloe Grant,Y
isaac.piper@setechstores.com,Isaac Piper,Y
penelope.turner@setechstores.com,Penelope Turner,Y
jennifer.sanderson@setechstores.com,Jennifer Sanderson,Y
kimberly.allan@setechstores.com,Kimberly Allan,Y
carol.north@setechstores.com,Carol North,Y
david.manning@setechstores.com,David Manning,Y
audrey.hunter@setechstores.com,Audrey Hunter,Y
audrey.vance@setechstores.com,Audrey Vance,Y
lucas.lawrence@setechstores.com,Lucas Lawrence,Y
elizabeth.reid@setechstores.com,Elizabeth Reid,Y
victor.forsyth@setechstores.com,Victor Forsyth,Y
kevin.dickens@setechstores.com,Kevin Dickens,Y
maria.hardacre@setechstores.com,Maria Hardacre,Y
angela.vance@setechstores.com,Angela Vance,Y
jasmine.springer@setechstores.com,Jasmine Springer,Y
lisa.gray@setechstores.com,Lisa Gray,Y
melanie.miller@setechstores.com,Melanie Miller,Y
lily.peake@setechstores.com,Lily Peake,Y
michelle.rees@setechstores.com,Michelle Rees,Y
sophie.dowd@setechstores.com,Sophie Dowd,Y
wanda.young@setechstores.com,Wanda Young,Y
donna.hughes@setechstores.com,Donna Hughes,Y
katherine.payne@setechstores.com,Katherine Payne,Y
steven.sanchez@setechstores.com,Steven Sanchez,Y
lillian.underwood@setechstores.com,Lillian Underwood,Y
dan.yatsutake@setechstores.com,Dan Yatsutake,Y
william.gray@setechstores.com,William Gray,Y
vanessa.berry@setechstores.com,Vanessa Berry,Y
robert.brown@setechstores.com,Robert Brown,Y
michelle.tucker@setechstores.com,Michelle Tucker,Y
bernadette.manning@setechstores.com,Bernadette Manning,Y
edward.bair@setechstores.com,Edward Bair,Y
amelia.nash@setechstores.com,Amelia Nash,Y
jake.knox@setechstores.com,Jake Knox,Y
jane.vance@setechstores.com,Jane Vance,Y
brandon.coleman@setechstores.com,Brandon Coleman,Y
dorothy.morgan@setechstores.com,Dorothy Morgan,Y
natalie.hughes@setechstores.com,Natalie Hughes,Y
matt.kelly@setechstores.com,Matt Kelly,Y
caroline.hemmings@setechstores.com,Caroline Hemmings,Y
caroline.wright@setechstores.com,Caroline Wright,Y
jonathan.robertson@setechstores.com,Jonathan Robertson,Y
dan.murray@setechstores.com,Dan Murray,Y
joe.piper@setechstores.com,Joe Piper,Y
sarah.scott@setechstores.com,Sarah Scott,Y
liam.peake@setechstores.com,Liam Peake,Y
terry.martin@setechstores.com,Terry Martin,Y
anthony.rees@setechstores.com,Anthony Rees,Y
tom.hudson@setechstores.com,Tom Hudson,Y
heather.anderson@setechstores.com,Heather Anderson,Y
boris.lee@setechstores.com,Boris Lee,Y
caroline.fisher@setechstores.com,Caroline Fisher,Y
peter.hamilton@setechstores.com,Peter Hamilton,Y
heather.butler@setechstores.com,Heather Butler,Y
tracey.mark@setechstores.com,Tracey Mark,Y
gavin.miller@setechstores.com,Gavin Miller,Y
leo.miller@setechstores.com,Leo Miller,Y
joshua.marshall@setechstores.com,Joshua Marshall,Y
sarah.newman@setechstores.com,Sarah Newman,Y
alexandra.forsyth@setechstores.com,Alexandra Forsyth,Y
carol.cameron@setechstores.com,Carol Cameron,Y
piers.rampling@setechstores.com,Piers Rampling,Y
cameron.russell@setechstores.com,Cameron Russell,Y
milos.gibson@setechstores.com,Milos Gibson,Y
penelope.gray@setechstores.com,Penelope Gray,Y
sebastian.russell@setechstores.com,Sebastian Russell,Y
joshua.ferguson@setechstores.com,Joshua Ferguson,Y
michael.terry@setechstores.com,Michael Terry,Y
warren.skinner@setechstores.com,Warren Skinner,Y
neil.mcdonald@setechstores.com,Neil McDonald,Y
virginia.cornish@setechstores.com,Virginia Cornish,Y
blake.fisher@setechstores.com,Blake Fisher,Y
leo.mcgrath@setechstores.com,Leo McGrath,Y
felicity.white@setechstores.com,Felicity White,Y
joanne.fraser@setechstores.com,Joanne Fraser,Y
vanessa.joyner@setechstores.com,Vanessa Joyner,Y
piers.dowd@setechstores.com,Piers Dowd,Y
gavin.jackson@setechstores.com,Gavin Jackson,Y
michael.paige@setechstores.com,Michael Paige,Y
stewart.graham@setechstores.com,Stewart Graham,Y
nicola.forsyth@setechstores.com,Nicola Forsyth,Y
sarah.nash@setechstores.com,Sarah Nash,Y
natalie.bailey@setechstores.com,Natalie Bailey,Y
jane.dyer@setechstores.com,Jane Dyer,Y
chloe.wright@setechstores.com,Chloe Wright,Y
harry.short@setechstores.com,Harry Short,Y
lillian.dickens@setechstores.com,Lillian Dickens,Y
isaac.henderson@setechstores.com,Isaac Henderson,Y
michelle.walsh@setechstores.com,Michelle Walsh,Y
yvonne.bair@setechstores.com,Yvonne Bair,Y
jack.hudson@setechstores.com,Jack Hudson,Y
ada.russell@setechstores.com,Ada Russell,Y
donna.morgan@setechstores.com,Donna Morgan,Y
karen.graham@setechstores.com,Karen Graham,Y
lina.henderson@setechstores.com,Lina Henderson,Y
andrew.short@setechstores.com,Andrew Short,Y
will.stewart@setechstores.com,Will Stewart,Y
william.macdonald@setechstores.com,William MacDonald,Y
irene.rees@setechstores.com,Irene Rees,Y
lillian.paige@setechstores.com,Lillian Paige,Y
yvonne.paterson@setechstores.com,Yvonne Paterson,Y
sam.roberts@setechstores.com,Sam Roberts,Y
anne.johnston@setechstores.com,Anne Johnston,Y
julian.lawrence@setechstores.com,Julian Lawrence,Y
penelope.wilkins@setechstores.com,Penelope Wilkins,Y
christopher.mitchell@setechstores.com,Christopher Mitchell,Y
simon.reid@setechstores.com,Simon Reid,Y
joanne.davidson@setechstores.com,Joanne Davidson,Y
wanda.graening@setechstores.com,Wanda Graening,Y
igor.taylor@setechstores.com,Igor Taylor,Y
joanne.lyman@setechstores.com,Joanne Lyman,Y
amelia.lawrence@setechstores.com,Amelia Lawrence,Y
audrey.mitchell@setechstores.com,Audrey Mitchell,Y
tom.lawrence@setechstores.com,Tom Lawrence,Y
ruth.hudson@setechstores.com,Ruth Hudson,Y
sophie.bond@setechstores.com,Sophie Bond,Y
carolyn.baker@setechstores.com,Carolyn Baker,Y
lucas.johnston@setechstores.com,Lucas Johnston,Y
ava.ross@setechstores.com,Ava Ross,Y
rachel.walsh@setechstores.com,Rachel Walsh,Y
christopher.nash@setechstores.com,Christopher Nash,Y
frank.clarkson@setechstores.com,Frank Clarkson,Y
cameron.white@setechstores.com,Cameron White,Y
isaac.allan@setechstores.com,Isaac Allan,Y
molly.peters@setechstores.com,Molly Peters,Y
robert.lawrence@setechstores.com,Robert Lawrence,Y
julia.burdell@setechstores.com,Julia Burdell,Y
christopher.bell@setechstores.com,Christopher Bell,Y
bella.anderson@setechstores.com,Bella Anderson,Y
amy.stewart@setechstores.com,Amy Stewart,Y
austin.lee@setechstores.com,Austin Lee,Y
blake.paterson@setechstores.com,Blake Paterson,Y
yvonne.abraham@setechstores.com,Yvonne Abraham,Y
abigail.thomson@setechstores.com,Abigail Thomson,Y
ella.terry@setechstores.com,Ella Terry,Y
matt.hemmings@setechstores.com,Matt Hemmings,Y
julian.cornish@setechstores.com,Julian Cornish,Y
ruth.coleman@setechstores.com,Ruth Coleman,Y
una.morrison@setechstores.com,Una Morrison,Y
alison.gray@setechstores.com,Alison Gray,Y
una.pullman@setechstores.com,Una Pullman,Y
blake.rampling@setechstores.com,Blake Rampling,Y
julian.alsop@setechstores.com,Julian Alsop,Y
alison.rutherford@setechstores.com,Alison Rutherford,Y
christopher.pullman@setechstores.com,Christopher Pullman,Y
sebastian.dyer@setechstores.com,Sebastian Dyer,Y
jacob.rees@setechstores.com,Jacob Rees,Y
carol.wilkins@setechstores.com,Carol Wilkins,Y
milos.wilkins@setechstores.com,Milos Wilkins,Y
gordon.mathis@setechstores.com,Gordon Mathis,Y
wanda.poole@setechstores.com,Wanda Poole,Y
william.black@setechstores.com,William Black,Y
rebecca.nolan@setechstores.com,Rebecca Nolan,Y
claire.lee@setechstores.com,Claire Lee,Y
sebastian.gibson@setechstores.com,Sebastian Gibson,Y
nicola.newman@setechstores.com,Nicola Newman,Y
blake.hughes@setechstores.com,Blake Hughes,Y
kylie.paige@setechstores.com,Kylie Paige,Y
stephen.johnston@setechstores.com,Stephen Johnston,Y
jason.payne@setechstores.com,Jason Payne,Y
tracey.clark@setechstores.com,Tracey Clark,Y
anne.simpson@setechstores.com,Anne Simpson,Y
steven.arnold@setechstores.com,Steven Arnold,Y
neil.walker@setechstores.com,Neil Walker,Y
leo.white@setechstores.com,Leo White,Y
natalie.navathe@setechstores.com,Natalie Navathe,Y
kimberly.turner@setechstores.com,Kimberly Turner,Y
igor.davidson@setechstores.com,Igor Davidson,Y
colin.gray@setechstores.com,Colin Gray,Y
leo.anderson@setechstores.com,Leo Anderson,Y
sophie.bower@setechstores.com,Sophie Bower,Y
trevor.young@setechstores.com,Trevor Young,Y
paul.sharp@setechstores.com,Paul Sharp,Y
chloe.mackenzie@setechstores.com,Chloe Mackenzie,Y
dorothy.taylor@setechstores.com,Dorothy Taylor,Y
heather.ellison@setechstores.com,Heather Ellison,Y
keith.wilkins@setechstores.com,Keith Wilkins,Y
neil.hamilton@setechstores.com,Neil Hamilton,Y
phil.hardacre@setechstores.com,Phil Hardacre,Y
joe.murray@setechstores.com,Joe Murray,Y
dominic.white@setechstores.com,Dominic White,Y
jennifer.glover@setechstores.com,Jennifer Glover,Y
john.poole@setechstores.com,John Poole,Y
colin.sanderson@setechstores.com,Colin Sanderson,Y
deirdre.jackson@setechstores.com,Deirdre Jackson,Y
jacob.lee@setechstores.com,Jacob Lee,Y
faith.walsh@setechstores.com,Faith Walsh,Y
sue.tucker@setechstores.com,Sue Tucker,Y
dorothy.lee@setechstores.com,Dorothy Lee,Y
david.walsh@setechstores.com,David Walsh,Y
ella.tucker@setechstores.com,Ella Tucker,Y
jack.parsons@setechstores.com,Jack Parsons,Y
will.malliaris@setechstores.com,Will Malliaris,Y
stephanie.north@setechstores.com,Stephanie North,Y
benjamin.underwood@setechstores.com,Benjamin Underwood,Y
stephen.greene@setechstores.com,Stephen Greene,Y
nicola.gibson@setechstores.com,Nicola Gibson,Y
hannah.watson@setechstores.com,Hannah Watson,Y
dylan.harris@setechstores.com,Dylan Harris,Y
mary.butler@setechstores.com,Mary Butler,Y
sarah.mcgrath@setechstores.com,Sarah McGrath,Y
trevor.piper@setechstores.com,Trevor Piper,Y
jan.morrison@setechstores.com,Jan Morrison,Y
keith.rees@setechstores.com,Keith Rees,Y
warren.jackson@setechstores.com,Warren Jackson,Y
angela.ince@setechstores.com,Angela Ince,Y
michael.joyner@setechstores.com,Michael Joyner,Y
blake.hill@setechstores.com,Blake Hill,Y
donna.roberts@setechstores.com,Donna Roberts,Y
joshua.springer@setechstores.com,Joshua Springer,Y
deirdre.fraser@setechstores.com,Deirdre Fraser,Y
elizabeth.manning@setechstores.com,Elizabeth Manning,Y
blake.morgan@setechstores.com,Blake Morgan,Y
lauren.lee@setechstores.com,Lauren Lee,Y
steven.carr@setechstores.com,Steven Carr,Y
madeleine.sutherland@setechstores.com,Madeleine Sutherland,Y
diana.rees@setechstores.com,Diana Rees,Y
jack.young@setechstores.com,Jack Young,Y
julia.james@setechstores.com,Julia James,Y
zvi.cornish@setechstores.com,Zvi Cornish,Y
warren.smith@setechstores.com,Warren Smith,Y
james.roberts@setechstores.com,James Roberts,Y
christopher.welch@setechstores.com,Christopher Welch,Y
joshua.christiansen@setechstores.com,Joshua Christiansen,Y
theresa.paige@setechstores.com,Theresa Paige,Y
julie.edmunds@setechstores.com,Julie Edmunds,Y
megan.hemmings@setechstores.com,Megan Hemmings,Y
lisa.young@setechstores.com,Lisa Young,Y
stewart.randall@setechstores.com,Stewart Randall,Y
diane.underwood@setechstores.com,Diane Underwood,Y
dan.skinner@setechstores.com,Dan Skinner,Y
nicola.peters@setechstores.com,Nicola Peters,Y
yvonne.bailey@setechstores.com,Yvonne Bailey,Y
joanne.peake@setechstores.com,Joanne Peake,Y
chloe.russell@setechstores.com,Chloe Russell,Y
melanie.blake@setechstores.com,Melanie Blake,Y
samantha.davidson@setechstores.com,Samantha Davidson,Y
boris.hashimoto@setechstores.com,Boris Hashimoto,Y
diane.duncan@setechstores.com,Diane Duncan,Y
piers.metcalfe@setechstores.com,Piers Metcalfe,Y
james.marshall@setechstores.com,James Marshall,Y
bella.lewis@setechstores.com,Bella Lewis,Y
bella.churchill@setechstores.com,Bella Churchill,Y
sebastian.nash@setechstores.com,Sebastian Nash,Y
milos.sharp@setechstores.com,Milos Sharp,Y
pooja.gill@setechstores.com,Pooja Gill,Y
simon.churchill@setechstores.com,Simon Churchill,Y
pippa.roberts@setechstores.com,Pippa Roberts,Y
rebecca.burdell@setechstores.com,Rebecca Burdell,Y
alison.nash@setechstores.com,Alison Nash,Y
joanne.hughes@setechstores.com,Joanne Hughes,Y
caroline.mills@setechstores.com,Caroline Mills,Y
jessica.gibson@setechstores.com,Jessica Gibson,Y
grace.johnson@setechstores.com,Grace Johnson,Y
david.paterson@setechstores.com,David Paterson,Y
frank.davies@setechstores.com,Frank Davies,Y
olivia.jackson@setechstores.com,Olivia Jackson,Y
una.hill@setechstores.com,Una Hill,Y
richard.avery@setechstores.com,Richard Avery,Y
anna.ross@setechstores.com,Anna Ross,Y
hannah.burgess@setechstores.com,Hannah Burgess,Y
lina.berry@setechstores.com,Lina Berry,Y
cameron.hudson@setechstores.com,Cameron Hudson,Y
sebastian.hamilton@setechstores.com,Sebastian Hamilton,Y
madeleine.cameron@setechstores.com,Madeleine Cameron,Y
cameron.quinn@setechstores.com,Cameron Quinn,Y
jonathan.cornish@setechstores.com,Jonathan Cornish,Y
jane.christiansen@setechstores.com,Jane Christiansen,Y
trevor.abraham@setechstores.com,Trevor Abraham,Y
max.martin@setechstores.com,Max Martin,Y
una.yatsutake@setechstores.com,Una Yatsutake,Y
victor.hill@setechstores.com,Victor Hill,Y
terry.miller@setechstores.com,Terry Miller,Y
joanne.burdell@setechstores.com,Joanne Burdell,Y
peter.morgan@setechstores.com,Peter Morgan,Y
amelia.underwood@setechstores.com,Amelia Underwood,Y
evan.hill@setechstores.com,Evan Hill,Y
brian.patel@setechstores.com,Brian Patel,Y
blake.smith@setechstores.com,Blake Smith,Y
charles.elmasri@setechstores.com,Charles Elmasri,Y
sean.lyman@setechstores.com,Sean Lyman,Y
christopher.davidson@setechstores.com,Christopher Davidson,Y
kimberly.johnson@setechstores.com,Kimberly Johnson,Y
leo.sanchez@setechstores.com,Leo Sanchez,Y
irene.peters@setechstores.com,Irene Peters,Y
joseph.bower@setechstores.com,Joseph Bower,Y
carl.dowd@setechstores.com,Carl Dowd,Y
joan.powell@setechstores.com,Joan Powell,Y
jane.morrison@setechstores.com,Jane Morrison,Y
theresa.peters@setechstores.com,Theresa Peters,Y
leah.murray@setechstores.com,Leah Murray,Y
jane.pullman@setechstores.com,Jane Pullman,Y
stephen.hamilton@setechstores.com,Stephen Hamilton,Y
sophie.rutherford@setechstores.com,Sophie Rutherford,Y
pippa.butler@setechstores.com,Pippa Butler,Y
joan.mackenzie@setechstores.com,Joan Mackenzie,Y
rachel.campbell@setechstores.com,Rachel Campbell,Y
sam.mathis@setechstores.com,Sam Mathis,Y
jack.lyman@setechstores.com,Jack Lyman,Y
victor.king@setechstores.com,Victor King,Y
leah.rees@setechstores.com,Leah Rees,Y
una.davidson@setechstores.com,Una Davidson,Y
dylan.morrison@setechstores.com,Dylan Morrison,Y
carolyn.clarkson@setechstores.com,Carolyn Clarkson,Y
samantha.fraser@setechstores.com,Samantha Fraser,Y
gavin.bailey@setechstores.com,Gavin Bailey,Y
blake.chapman@setechstores.com,Blake Chapman,Y
christopher.fraser@setechstores.com,Christopher Fraser,Y
lisa.buckland@setechstores.com,Lisa Buckland,Y
elizabeth.poole@setechstores.com,Elizabeth Poole,Y
jane.dickens@setechstores.com,Jane Dickens,Y
julie.isbell@setechstores.com,Julie Isbell,Y
dylan.miller@setechstores.com,Dylan Miller,Y
phil.johnson@setechstores.com,Phil Johnson,Y
tim.bond@setechstores.com,Tim Bond,Y
bella.kelly@setechstores.com,Bella Kelly,Y
colin.walker@setechstores.com,Colin Walker,Y
amelia.bailey@setechstores.com,Amelia Bailey,Y
oliver.parr@setechstores.com,Oliver Parr,Y
kylie.isbell@setechstores.com,Kylie Isbell,Y
wendy.nolan@setechstores.com,Wendy Nolan,Y
evan.dasgupta@setechstores.com,Evan Dasgupta,Y
fiona.mitchell@setechstores.com,Fiona Mitchell,Y
neil.scott@setechstores.com,Neil Scott,Y
matt.butler@setechstores.com,Matt Butler,Y
donna.burgess@setechstores.com,Donna Burgess,Y
penelope.coleman@setechstores.com,Penelope Coleman,Y
harry.poole@setechstores.com,Harry Poole,Y
faith.kelly@setechstores.com,Faith Kelly,Y
cameron.stewart@setechstores.com,Cameron Stewart,Y
charles.duncan@setechstores.com,Charles Duncan,Y
carol.henderson@setechstores.com,Carol Henderson,Y
gabrielle.carr@setechstores.com,Gabrielle Carr,Y
isaac.edmunds@setechstores.com,Isaac Edmunds,Y
andrea.cameron@setechstores.com,Andrea Cameron,Y
colin.marshall@setechstores.com,Colin Marshall,Y
terry.patel@setechstores.com,Terry Patel,Y
leo.lambert@setechstores.com,Leo Lambert,Y
leah.langdon@setechstores.com,Leah Langdon,Y
edward.ross@setechstores.com,Edward Ross,Y
nicola.hashimoto@setechstores.com,Nicola Hashimoto,Y
jan.hamilton@setechstores.com,Jan Hamilton,Y
colin.hughes@setechstores.com,Colin Hughes,Y
matt.clark@setechstores.com,Matt Clark,Y
sham.nolan@setechstores.com,Sham Nolan,Y
alan.bell@setechstores.com,Alan Bell,Y
ruth.kelly@setechstores.com,Ruth Kelly,Y
phil.wilkins@setechstores.com,Phil Wilkins,Y
joseph.ferguson@setechstores.com,Joseph Ferguson,Y
andrew.dasgupta@setechstores.com,Andrew Dasgupta,Y
joseph.gibson@setechstores.com,Joseph Gibson,Y
sam.hamilton@setechstores.com,Sam Hamilton,Y
tom.walsh@setechstores.com,Tom Walsh,Y
lucas.anderson@setechstores.com,Lucas Anderson,Y
william.kelly@setechstores.com,William Kelly,Y
irene.russell@setechstores.com,Irene Russell,Y
jack.jackson@setechstores.com,Jack Jackson,Y
matt.stewart@setechstores.com,Matt Stewart,Y
gabrielle.turner@setechstores.com,Gabrielle Turner,Y
eric.piper@setechstores.com,Eric Piper,Y
gavin.martin@setechstores.com,Gavin Martin,Y
igor.macleod@setechstores.com,Igor MacLeod,Y
owen.hodges@setechstores.com,Owen Hodges,Y
boris.manning@setechstores.com,Boris Manning,Y
sonia.lee@setechstores.com,Sonia Lee,Y
paul.metcalfe@setechstores.com,Paul Metcalfe,Y
stephen.sanchez@setechstores.com,Stephen Sanchez,Y
victoria.tucker@setechstores.com,Victoria Tucker,Y
steven.mackay@setechstores.com,Steven Mackay,Y
amanda.rampling@setechstores.com,Amanda Rampling,Y
evan.hashimoto@setechstores.com,Evan Hashimoto,Y
neil.baker@setechstores.com,Neil Baker,Y
donna.stewart@setechstores.com,Donna Stewart,Y
lucas.wilson@setechstores.com,Lucas Wilson,Y
christian.rees@setechstores.com,Christian Rees,Y
warren.white@setechstores.com,Warren White,Y
max.walker@setechstores.com,Max Walker,Y
stephen.stewart@setechstores.com,Stephen Stewart,Y
brandon.arnold@setechstores.com,Brandon Arnold,Y
amanda.murray@setechstores.com,Amanda Murray,Y
luke.parsons@setechstores.com,Luke Parsons,Y
leonard.gray@setechstores.com,Leonard Gray,Y
peter.smith@setechstores.com,Peter Smith,Y
jasmine.isbell@setechstores.com,Jasmine Isbell,Y
carl.ince@setechstores.com,Carl Ince,Y
carolyn.howard@setechstores.com,Carolyn Howard,Y
audrey.poole@setechstores.com,Audrey Poole,Y
adrian.abraham@setechstores.com,Adrian Abraham,Y
ryan.mackay@setechstores.com,Ryan Mackay,Y
justin.edmunds@setechstores.com,Justin Edmunds,Y
pooja.joyner@setechstores.com,Pooja Joyner,Y
brian.oliver@setechstores.com,Brian Oliver,Y
rebecca.rees@setechstores.com,Rebecca Rees,Y
jane.roberts@setechstores.com,Jane Roberts,Y
jonathan.anderson@setechstores.com,Jonathan Anderson,Y
justin.graening@setechstores.com,Justin Graening,Y
dominic.parr@setechstores.com,Dominic Parr,Y
jack.walsh@setechstores.com,Jack Walsh,Y
lillian.miller@setechstores.com,Lillian Miller,Y
lily.mclean@setechstores.com,Lily McLean,Y
sham.edmunds@setechstores.com,Sham Edmunds,Y
luke.scott@setechstores.com,Luke Scott,Y
una.peake@setechstores.com,Una Peake,Y
anne.blake@setechstores.com,Anne Blake,Y
kimberly.stewart@setechstores.com,Kimberly Stewart,Y
robert.nolan@setechstores.com,Robert Nolan,Y
fiona.scott@setechstores.com,Fiona Scott,Y
sue.vance@setechstores.com,Sue Vance,Y
alan.greene@setechstores.com,Alan Greene,Y
alison.coleman@setechstores.com,Alison Coleman,Y
fiona.burgess@setechstores.com,Fiona Burgess,Y
peter.white@setechstores.com,Peter White,Y
michael.martin@setechstores.com,Michael Martin,Y
colin.hodges@setechstores.com,Colin Hodges,Y
anne.hunter@setechstores.com,Anne Hunter,Y
terry.rutherford@setechstores.com,Terry Rutherford,Y
liam.wilkins@setechstores.com,Liam Wilkins,Y
alexandra.allan@setechstores.com,Alexandra Allan,Y
gabrielle.hughes@setechstores.com,Gabrielle Hughes,Y
sally.yatsutake@setechstores.com,Sally Yatsutake,Y
julia.mcdonald@setechstores.com,Julia McDonald,Y
sham.joyner@setechstores.com,Sham Joyner,Y
anthony.churchill@setechstores.com,Anthony Churchill,Y
edward.welch@setechstores.com,Edward Welch,Y
tom.cameron@setechstores.com,Tom Cameron,Y
blake.hardacre@setechstores.com,Blake Hardacre,Y
milos.hill@setechstores.com,Milos Hill,Y
ava.miller@setechstores.com,Ava Miller,Y
natalie.mills@setechstores.com,Natalie Mills,Y
eric.welch@setechstores.com,Eric Welch,Y
dominic.morgan@setechstores.com,Dominic Morgan,Y
dorothy.sanchez@setechstores.com,Dorothy Sanchez,Y
leonard.mitchell@setechstores.com,Leonard Mitchell,Y
madeleine.kelly@setechstores.com,Madeleine Kelly,Y
julie.knox@setechstores.com,Julie Knox,Y
carl.peake@setechstores.com,Carl Peake,Y
sam.morrison@setechstores.com,Sam Morrison,Y
alexander.hodges@setechstores.com,Alexander Hodges,Y
charles.hill@setechstores.com,Charles Hill,Y
ruth.forsyth@setechstores.com,Ruth Forsyth,Y
ravi.burdell@setechstores.com,Ravi Burdell,Y
evan.murray@setechstores.com,Evan Murray,Y
john.hashimoto@setechstores.com,John Hashimoto,Y
leo.morgan@setechstores.com,Leo Morgan,Y
alexander.davidson@setechstores.com,Alexander Davidson,Y
sebastian.patel@setechstores.com,Sebastian Patel,Y
victor.sanchez@setechstores.com,Victor Sanchez,Y
lily.rees@setechstores.com,Lily Rees,Y
julia.fisher@setechstores.com,Julia Fisher,Y
ruth.king@setechstores.com,Ruth King,Y
maria.murray@setechstores.com,Maria Murray,Y
simon.simpson@setechstores.com,Simon Simpson,Y
wanda.buckland@setechstores.com,Wanda Buckland,Y
michelle.alsop@setechstores.com,Michelle Alsop,Y
jasmine.bell@setechstores.com,Jasmine Bell,Y
elizabeth.henderson@setechstores.com,Elizabeth Henderson,Y
mary.nolan@setechstores.com,Mary Nolan,Y
bernadette.clarkson@setechstores.com,Bernadette Clarkson,Y
stewart.wallace@setechstores.com,Stewart Wallace,Y
molly.jackson@setechstores.com,Molly Jackson,Y
caroline.may@setechstores.com,Caroline May,Y
gabrielle.hemmings@setechstores.com,Gabrielle Hemmings,Y
christian.hardacre@setechstores.com,Christian Hardacre,Y
sarah.harris@setechstores.com,Sarah Harris,Y
joshua.sharp@setechstores.com,Joshua Sharp,Y
terry.bond@setechstores.com,Terry Bond,Y
rose.payne@setechstores.com,Rose Payne,Y
julia.cornish@setechstores.com,Julia Cornish,Y
nicholas.mclean@setechstores.com,Nicholas McLean,Y
james.carr@setechstores.com,James Carr,Y
joseph.anderson@setechstores.com,Joseph Anderson,Y
andrea.chapman@setechstores.com,Andrea Chapman,Y
